Fornataro Keith,wocafa4052@klblogs.com,JYBVZ26udJNZ,pk_48448519_Y6EIQTP6OJ15EDX6XNE01HHNGEXTP35G
Schaecher Royce,namar17765@lidely.com,Np7AdZQSTHZt,pk_48448526_JTHYJC93R0H5XWYOCNWE84L5PPIX4Z41
Bolch Adan,miyoho3791@sopulit.com,9XhMhPkLO8to,pk_48448529_TVYU4T4GL8VZZROQ5CMQRQF73TLZN45C
Whitmeyer Chana,lonin71383@lidely.com,8vKh3KFHgNmO,pk_48448530_HCWTPFDXGZBXKO5LMIM0RUQYQKF71CAI
Fariello Aurora,relitot739@invodua.com,8TBOU5wQ3qlm,pk_48448532_V2P1GRCQLFFOY2L667EQ0FUZFVTFY2P6
Collmeyer Jaydon,cekemim933@pamaweb.com,vzu9GSQa61OL,pk_48448534_B57SVKZ93R3GRCXE7F5RM0L11MWLTMW8
Carlyon Bryce,gaxag58390@invodua.com,rCgJGpZbUjh7,pk_48448536_ZFVA04B18HV9D265YNLNOLX3JXYKE20W
Shortes Jeremiah,jokijox379@invodua.com,qF4ax9eby8lS,pk_48448539_0XZ9SPHQKQGFI0HKPI5D8L9KF4WL4ZWW
Yost Will,caxiwi2632@lidely.com,qoBRYsssFGIr!,pk_48448540_4L68ZHZBEQDDBFDT6JMJQ3GYHE6S9GQ7
Calway Lilith,comerag357@kixotic.com,udJTF3bvFtXw,pk_48448544_6S5LV0716I42KKENDKKZFDTLBUMGVBRY
Obanner Elin,nodowom992@klblogs.com,wajuXn1tUSRp,pk_48448549_8CUHUUJ2AJXU11ZKILQ9K5JRZ46JGOEO
Weinbauer Romeo,segil87718@kixotic.com,c2d64vxPJ3CE,pk_48448550_5Q6HIL2JN5S9D0EZSUTA7AGNZS6WY8W1
Consolazio Kylan,toxax97476@klblogs.com,lqavt7QcNlz8,pk_48448556_MC3060KJDF1KZZNMV90OJLN8YM90D1UI
Hover Emersyn,kenide1052@jernang.com,VSkMGsmKU4R8,pk_48448566_CD9M3DL5VQI42PRXFJOJ76UGUZJ9ILU7
Kosin Micheal,mined59518@kixotic.com,r1KTJgBllh7B,pk_48448568_7PVK1VLOFAB930QJLL02G9O1NYCGZGRM
Egeland Jabari,pisoco9679@usharer.com,cZyFYICKvhIx!,pk_54349056_4VRYYBR1YRG82YY3QQV1PYPFL99XLHWI
Morway Carlos,fixixo2198@tingn.com,ZSKToONEO0h7!,pk_54349071_D7ILEYWIC82NPR3XJBA9DKH8ZJO4CIAG
Woodhull Kaiden,wenen77508@tohup.com,bG0gvOLv61lt!,pk_54349076_8QOWE0VAFV9OVGDCHZ4P3WU9OYC72FZU
Laxton Kendrick,gasalo3098@themesw.com,7sFTI46V69kq!,pk_54349079_KMRWOUD5BVQKFO50NMK5V3YSK5Y54SXL
Longstaff Karlee,cicome1403@v3dev.com,wL9LtX85DyY7!,pk_54349083_F60LA8ROYP3XGTBU8IU37A2HZV971G50